Logo,626,131,702,740,100.jpeg,2048,1536
Logo,726,1243,556,594,101.jpeg,1536,2048
Logo,32,928,924,928,102.jpeg,1536,2048
Logo,174,637,855,986,103.jpeg,1536,2048
Logo,47,713,564,525,104.jpeg,1536,2048
Logo,806,805,261,112,76.jpeg,1536,2048
Logo,162,1507,629,483,77.jpeg,1536,2048
Logo,588,959,844,771,78.jpeg,1536,2048
Logo,296,1400,322,334,79.jpeg,1536,2048
Logo,454,1261,230,230,80.jpeg,1536,2048
Logo,765,991,170,116,81.jpeg,1536,2048
Logo,365,621,652,813,82.jpeg,1536,2048
Logo,128,1124,1059,717,83.jpeg,1536,2048
Logo,549,986,345,284,84.jpeg,1536,2048
Logo,864,1200,560,610,85.jpeg,1536,2048
Logo,473,794,525,518,86.jpeg,1536,2048
Logo,1,583,844,974,87.jpeg,1536,2048
Logo,124,897,974,1036,88.jpeg,1536,2048
Logo,645,1189,671,537,89.jpeg,1536,2048
Logo,511,1116,575,464,90.jpeg,1536,2048
Logo,530,1128,476,380,91.jpeg,1536,2048
Logo,492,1181,713,518,92.jpeg,1536,2048
Logo,714,1204,748,782,93.jpeg,1536,2048
Logo,123,410,539,472,94.jpeg,960,1280
Logo,533,1407,235,216,95.jpeg,1536,2048
Logo,427,1312,564,414,96.jpeg,1536,2048
Logo,733,1055,525,276,97.jpeg,1536,2048
Logo,350,410,920,882,98.jpeg,1536,2048
Logo,565,1457,376,295,99.jpeg,1536,2048