51.JPEG,108,210,68,67
53.JPEG,110,220,65,59
54.JPEG,108,199,96,82
55.JPEG,108,171,76,74
56.JPEG,115,216,54,55
57.JPEG,80,143,118,109
58.JPEG,90,153,144,126
59.JPEG,89,178,127,106
60.JPEG,102,166,81,80
61.JPEG,88,180,87,82
62.JPEG,129,171,41,34
63.JPEG,110,205,54,51
64.JPEG,124,168,49,44
65.JPEG,112,154,98,95
66.JPEG,95,108,84,71
67.JPEG,104,157,68,58
68.JPEG,67,169,96,84
69.JPEG,84,114,122,107
70.JPEG,108,198,64,47
71.JPEG,84,187,53,35
72.JPEG,115,187,40,30
73.JPEG,123,216,45,41
74.JPEG,128,198,33,24
75.JPEG,124,180,56,39
26.jpg,112,176,74,74
27.jpg,119,196,71,45
28.jpg,58,45,125,119
29.jpg,124,143,59,59
30.jpg,131,115,49,57
31.jpg,127,225,49,32
32.jpg,76,288,27,16
33.jpg,42,291,54,45
34.jpg,110,162,92,75
35.jpg,65,204,97,93
36.jpg,218,228,40,38
37.jpg,175,84,73,47
38.jpg,175,293,44,46
39.jpg,186,276,70,71
40.jpg,37,162,40,58
41.jpg,53,53,185,189
42.jpg,13,205,59,56
43.jpg,56,248,35,35
44.jpg,136,226,23,23
45.jpg,127,156,44,48
46.jpg,128,227,67,45
47.jpg,187,283,72,69
48.jpg,113,155,55,54
49.jpg,106,173,58,49
50.jpg,97,130,47,53
100.jpeg,91,34,102,192
101.jpeg,141,242,108,116
102.jpeg,6,181,180,181
103.jpeg,33,124,166,192
104.jpeg,9,139,110,102
76.jpeg,157,157,50,21
77.jpeg,31,294,122,94
78.jpeg,114,187,164,150
79.jpeg,57,273,62,65
80.jpeg,88,246,44,44
81.jpeg,149,193,33,22
82.jpeg,71,121,127,158
83.jpeg,25,219,206,140
84.jpeg,107,192,67,55
85.jpeg,168,234,109,119
86.jpeg,92,155,102,101
87.jpeg,0,113,164,190
88.jpeg,24,175,190,202
89.jpeg,125,232,131,104
90.jpeg,99,217,112,90
91.jpeg,103,220,92,74
92.jpeg,96,230,139,101
93.jpeg,139,235,146,152
94.jpeg,38,128,168,147
95.jpeg,104,274,45,42
96.jpeg,83,256,110,80
97.jpeg,143,206,102,53
98.jpeg,68,80,179,172
99.jpeg,110,284,73,57
1.png,69,51,115,271
10.png,98,146,84,112
11.png,73,116,39,120
12.png,83,180,84,77
13.png,161,150,44,66
14.png,126,125,56,52
15.png,85,169,30,43
16.png,82,138,26,59
16.png,177,139,27,56
17.png,82,176,23,69
17.png,172,182,27,60
18.png,59,184,23,60
18.png,151,181,27,60
19.png,103,177,21,42
19.png,60,178,13,44
2.png,69,45,116,277
20.png,48,166,14,53
21.png,55,175,23,41
22.png,166,184,57,73
3.png,69,48,115,274
4.png,51,44,188,300
5.png,108,150,81,131
6.png,58,150,138,119
7.png,129,76,49,172
8.png,107,143,84,165
9.png,129,132,93,133
