Logo,553,1076,351,347,51.JPEG,1536,2048
Logo,568,1130,334,303,53.JPEG,1536,2048
Logo,555,1023,494,421,54.JPEG,1536,2048
Logo,557,878,393,380,55.JPEG,1536,2048
Logo,590,1109,279,285,56.JPEG,1536,2048
Logo,410,733,608,560,57.JPEG,1536,2048
Logo,461,786,742,648,58.JPEG,1536,2048
Logo,456,915,652,547,59.JPEG,1536,2048
Logo,524,854,417,410,60.JPEG,1536,2048
Logo,454,926,450,421,61.JPEG,1536,2048
Logo,663,876,215,176,62.JPEG,1536,2048
Logo,564,1054,277,266,63.JPEG,1536,2048
Logo,636,865,255,228,64.JPEG,1536,2048
Logo,575,792,503,490,65.JPEG,1536,2048
Logo,487,553,435,367,66.JPEG,1536,2048
Logo,535,806,353,299,67.JPEG,1536,2048
Logo,347,867,494,435,68.JPEG,1536,2048
Logo,434,588,626,549,69.JPEG,1536,2048
Logo,555,1016,331,241,70.JPEG,1536,2048
Logo,432,961,274,184,71.JPEG,1536,2048
Logo,590,961,206,158,72.JPEG,1536,2048
Logo,634,1109,235,211,73.JPEG,1536,2048
Logo,656,1016,169,125,74.JPEG,1536,2048
Logo,636,922,290,204,75.JPEG,1536,2048