Logo,1135,1781,754,749,26.jpg,3024,4032
Logo,1207,1982,718,459,27.jpg,3024,4032
Logo,593,459,1270,1208,28.jpg,3024,4032
Logo,1254,1446,604,599,29.jpg,3024,4032
Logo,1326,1167,501,583,30.jpg,3024,4032
Logo,1290,2277,496,330,31.jpg,3024,4032
Logo,774,2907,279,165,32.jpg,3024,4032
Logo,428,2943,547,459,33.jpg,3024,4032
Logo,1109,1642,934,759,34.jpg,3024,4032
Logo,660,2060,981,940,35.jpg,3024,4032
Logo,2204,2308,408,392,36.jpg,3024,4032
Logo,1770,847,743,480,37.jpg,3024,4032
Logo,1770,2963,449,470,38.jpg,3024,4032
Logo,1884,2783,707,718,39.jpg,3024,4032
Logo,381,1637,413,594,40.jpg,3024,4032
Logo,541,537,1869,1915,41.jpg,3024,4032
Logo,134,2070,604,573,42.jpg,3024,4032
Logo,572,2504,356,356,43.jpg,3024,4032
Logo,1378,2282,237,232,44.jpg,3024,4032
Logo,1290,1575,444,485,45.jpg,3024,4032
Logo,1300,2292,681,459,46.jpg,3024,4032
Logo,1894,2860,733,702,47.jpg,3024,4032
Logo,1140,1569,558,552,48.jpg,3024,4032
Logo,1078,1750,594,501,49.jpg,3024,4032
Logo,985,1316,480,542,50.jpg,3024,4032