Logo,265,84,444,440,1.png,1152,648
Logo,248,260,212,200,10.png,757,711
Logo,191,226,102,233,11.png,779,775
Logo,222,278,224,119,12.png,800,616
Logo,268,240,74,106,13.png,499,636
Logo,221,245,99,103,14.png,525,782
Logo,271,355,97,91,15.png,948,838
Logo,205,236,65,102,16.png,748,682
Logo,442,238,68,97,16.png,748,682
Logo,211,323,60,127,17.png,767,732
Logo,441,334,70,111,17.png,767,732
Logo,149,330,59,109,18.png,747,715
Logo,378,325,68,109,18.png,747,715
Logo,334,290,70,70,19.png,964,652
Logo,194,291,42,73,19.png,964,652
Logo,265,74,448,450,2.png,1152,648
Logo,154,273,45,88,20.png,948,657
Logo,185,274,80,64,21.png,1003,623
Logo,443,374,154,148,22.png,799,810
Logo,266,78,443,444,3.png,1152,648
Logo,121,66,445,450,4.png,710,599
Logo,383,313,288,274,5.png,1060,831
Logo,142,191,333,151,6.png,723,506
Logo,362,135,139,306,7.png,838,709
Logo,307,260,241,299,8.png,856,723
Logo,274,207,198,209,9.png,633,625
